case_id,final_score,passed,failed_judge_parse,raw_response,style_match_score,style_match_reason,policy_safety_score,policy_safety_reason,pii_free_score,pii_free_reason,structure_brevity_score,structure_brevity_reason,personalization_score,personalization_reason
1,PARSE_FAILED,False,True,"[Errno 8] nodename nor servname provided, or not known",,,,,,,,,,
2,PARSE_FAILED,False,True,"[Errno 8] nodename nor servname provided, or not known",,,,,,,,,,
3,PARSE_FAILED,False,True,"[Errno 8] nodename nor servname provided, or not known",,,,,,,,,,
4,PARSE_FAILED,False,True,"[Errno 8] nodename nor servname provided, or not known",,,,,,,,,,
5,PARSE_FAILED,False,True,"[Errno 8] nodename nor servname provided, or not known",,,,,,,,,,
6,PARSE_FAILED,False,True,"[Errno 8] nodename nor servname provided, or not known",,,,,,,,,,
7,PARSE_FAILED,False,True,"[Errno 8] nodename nor servname provided, or not known",,,,,,,,,,
8,PARSE_FAILED,False,True,"[Errno 8] nodename nor servname provided, or not known",,,,,,,,,,
9,PARSE_FAILED,False,True,"[Errno 8] nodename nor servname provided, or not known",,,,,,,,,,
10,PARSE_FAILED,False,True,"[Errno 8] nodename nor servname provided, or not known",,,,,,,,,,
11,PARSE_FAILED,False,True,"[Errno 8] nodename nor servname provided, or not known",,,,,,,,,,
12,PARSE_FAILED,False,True,"[Errno 8] nodename nor servname provided, or not known",,,,,,,,,,
13,PARSE_FAILED,False,True,"[Errno 8] nodename nor servname provided, or not known",,,,,,,,,,
14,PARSE_FAILED,False,True,"[Errno 8] nodename nor servname provided, or not known",,,,,,,,,,
15,PARSE_FAILED,False,True,"[Errno 8] nodename nor servname provided, or not known",,,,,,,,,,
16,PARSE_FAILED,False,True,"[Errno 8] nodename nor servname provided, or not known",,,,,,,,,,
17,PARSE_FAILED,False,True,"[Errno 8] nodename nor servname provided, or not known",,,,,,,,,,
18,PARSE_FAILED,False,True,"[Errno 8] nodename nor servname provided, or not known",,,,,,,,,,
19,PARSE_FAILED,False,True,"[Errno 8] nodename nor servname provided, or not known",,,,,,,,,,
20,PARSE_FAILED,False,True,"[Errno 8] nodename nor servname provided, or not known",,,,,,,,,,
